E,N,Y
S1929E01,Bosko the Talk-Ink Kid,1-May-29
S1930E01,Sinkin' in the Bathtub,19-Apr-30
S1930E02,Congo Jazz,1-Sep-30
S1930E03,Hold Anything,1-Oct-30
S1930E04,The Booze Hangs High,1-Nov-30
S1930E05,Box Car Blues,1-Dec-30
S1931E01,Big Man from the North,1-Jan-31
S1931E02,Ain't Nature Grand,1-Feb-31
S1931E03,Ups 'n Downs,1-Mar-31
S1931E04,Dumb Patrol,1-Apr-31
S1931E05,Yodeling Yokels,1-May-31
S1931E06,Bosko's Holiday,1-Jun-31
S1931E07,The Tree's Knees,1-Jul-31
S1931E08,"Lady, Play Your Mandolin!",1-Aug-31
S1931E09,"Smile, Darn Ya, Smile!",5-Sep-31
S1931E10,Bosko Shipwrecked!,19-Sep-31
S1931E11,One More Time,3-Oct-31
S1931E12,Bosko the Doughboy,17-Oct-31
S1931E13,You Don't Know What You're Doin'!,31-Oct-31
S1931E14,Bosko's Soda Fountain,14-Nov-31
S1931E15,Hittin' the Trail for Hallelujah Land,28-Nov-31
S1931E16,Bosko's Fox Hunt,12-Dec-31
S1931E17,Red-Headed Baby,26-Dec-31
S1932E01,Bosko at the Zoo,9-Jan-32
S1932E02,Pagan Moon,23-Jan-32
S1932E03,Battling Bosko,6-Feb-32
S1932E04,Freddy the Freshman,20-Feb-32
S1932E05,Big-Hearted Bosko,5-Mar-32
S1932E06,"Crosby, Columbo, and Vallee",19-Mar-32
S1932E07,Bosko's Party,2-Apr-32
S1932E08,Goopy Geer,16-Apr-32
S1932E09,Bosko and Bruno,30-Apr-32
S1932E10,It's Got Me Again!,14-May-32
S1932E11,Moonlight for Two,11-Jun-32
S1932E12,Bosko's Dog Race,25-Jun-32
S1932E13,The Queen Was in the Parlor,9-Jul-32
S1932E14,Bosko at the Beach,23-Jul-32
S1932E15,I Love a Parade,6-Aug-32
S1932E16,Bosko's Store,13-Aug-32
S1932E17,Bosko the Lumberjack,3-Sep-32
S1932E18,You're Too Careless with Your Kisses!,10-Sep-32
S1932E19,"Ride Him, Bosko!",17-Sep-32
S1932E20,I Wish I Had Wings,15-Oct-32
S1932E21,Bosko the Drawback,22-Oct-32
S1932E22,A Great Big Bunch of You,12-Nov-32
S1932E23,Bosko's Dizzy Date,19-Nov-32
S1932E24,Three's a Crowd,10-Dec-32
S1932E25,Bosko's Woodland Daze,17-Dec-32
S1933E01,The Shanty Where Santy Claus Lives,7-Jan-33
S1933E02,Bosko in Dutch,14-Jan-33
S1933E03,One Step Ahead of My Shadow,4-Feb-33
S1933E04,Bosko in Person,11-Feb-33
S1933E05,Young and Healthy,4-Mar-33
S1933E06,Bosko the Speed King,22-Mar-33
S1933E07,The Organ Grinder,8-Apr-33
S1933E08,Wake up the Gypsy in Me,13-May-33
S1933E09,Bosko's Knight-Mare,8-Jun-33
S1933E10,I Like Mountain Music,13-Jun-33
S1933E11,Bosko the Sheep-Herder,14-Jun-33
S1933E12,Beau Bosko,1-Jul-33
S1933E13,Shuffle Off to Buffalo,8-Jul-33
S1933E14,The Dish Ran Away with the Spoon,5-Aug-33
S1933E15,We're in the Money,26-Aug-33
S1933E16,Bosko's Picture Show,26-Aug-33
S1933E17,Buddy's Day Out,9-Sep-33
S1933E18,Bosko the Musketeer,12-Aug-33
S1933E19,I've Got to Sing a Torch Song,23-Sep-33
S1933E20,Bosko's Mechanical Man,29-Jul-33
S1933E21,Buddy's Beer Garden,11-Nov-33
S1933E22,Buddy's Show Boat,9-Dec-33
S1933E23,Sittin' on a Backyard Fence,16-Dec-33
S1934E01,Buddy the Gob,13-Jan-34
S1934E02,Pettin' in the Park,27-Jan-34
S1934E03,Honeymoon Hotel,17-Feb-34
S1934E04,Buddy and Towser,24-Feb-34
S1934E05,Buddy's Garage,14-Apr-34
S1934E06,Beauty and the Beast,14-Apr-34
S1934E07,Those Were Wonderful Days,26-Apr-34
S1934E08,Buddy's Trolley Troubles,5-May-34
S1934E09,Goin' to Heaven on a Mule,19-May-34
S1934E10,Buddy of the Apes,26-May-34
S1934E11,How Do I Know It's Sunday,9-Jun-34
S1934E12,Buddy's Bearcats,23-Jun-34
S1934E13,Why Do I Dream Those Dreams,30-Jun-34
S1934E14,The Girl at the Ironing Board,23-Aug-34
S1934E15,The Miller's Daughter,13-Oct-34
S1934E16,Shake Your Powder Puff,17-Oct-34
S1934E17,Buddy the Detective,17-Oct-34
S1934E18,Rhythm in the Bow,20-Oct-34
S1934E19,Buddy the Woodsman,20-Oct-34
S1934E20,Buddy's Circus,8-Nov-34
S1934E21,Those Beautiful Dames,10-Nov-34
S1934E22,Buddy's Adventures,17-Nov-34
S1934E23,Pop Goes Your Heart,8-Dec-34
S1934E24,Viva Buddy,12-Dec-34
S1934E25,Buddy the Dentist,15-Dec-34
S1935E01,Mr. and Mrs. Is the Name,19-Jan-35
S1935E02,Country Boy,9-Feb-35
S1935E03,Buddy's Theatre,16-Feb-35
S1935E04,I Haven't Got a Hat,9-Mar-35
S1935E05,Buddy's Pony Express,9-Mar-35
S1935E06,Buddy of the Legion,6-Apr-35
S1935E07,Along Flirtation Walk,6-Apr-35
S1935E08,My Green Fedora,4-May-35
S1935E09,Buddy's Lost World,18-May-35
S1935E10,Into Your Dance,8-Jun-35
S1935E11,Buddy's Bug Hunt,22-Jun-35
S1935E12,Buddy in Africa,6-Jul-35
S1935E13,Country Mouse,13-Jul-35
S1935E14,Buddy Steps Out,20-Jul-35
S1935E15,The Merry Old Soul,17-Aug-35
S1935E16,Buddy the Gee Man,24-Aug-35
S1935E17,The Lady in Red,7-Sep-35
S1935E18,A Cartoonist's Nightmare,21-Sep-35
S1935E19,Little Dutch Plate,19-Oct-35
S1935E20,Hollywood Capers,19-Oct-35
S1935E21,Gold Diggers of '49,2-Nov-35
S1935E22,Billboard Frolics,9-Nov-35
S1935E23,Flowers for Madame,20-Nov-35
S1936E01,I Wanna Play House,11-Jan-36
S1936E02,The Phantom Ship,1-Feb-36
S1936E03,The Cat Came Back,8-Feb-36
S1936E04,Boom Boom,29-Feb-36
S1936E05,Page Miss Glory,7-Mar-36
S1936E06,Alpine Antics,9-Mar-36
S1936E07,The Fire Alarm,9-Mar-36
S1936E08,The Blow Out,4-Apr-36
S1936E09,I'm a Big Shot Now,11-Apr-36
S1936E10,Westward Whoa,25-Apr-36
S1936E11,Plane Dippy,30-Apr-36
S1936E12,Let It Be Me,2-May-36
S1936E13,I'd Love to Take Orders From You,16-May-36
S1936E14,Fish Tales,23-May-36
S1936E15,Bingo Crosbyana,30-May-36
S1936E16,Shanghaied Shipmates,20-Jun-36
S1936E17,When I Yoo Hoo,27-Jun-36
S1936E18,Porky's Pet,11-Jul-36
S1936E19,I Love to Singa,18-Jul-36
S1936E20,Porky the Rain-Maker,1-Aug-36
S1936E21,Sunday Go to Meetin' Time,8-Aug-36
S1936E22,Porky's Poultry Plant,22-Aug-36
S1936E23,At Your Service Madame,29-Aug-36
S1936E24,Porky's Moving Day,12-Sep-36
S1936E25,Toy Town Hall,19-Sep-36
S1936E26,Milk and Money,3-Oct-36
S1936E27,Boulevardier From the Bronx,10-Oct-36
S1936E28,Don't Look Now,7-Nov-36
S1936E29,Little Beau Porky,14-Nov-36
S1936E30,The CooCoo Nut Grove,28-Nov-36
S1936E31,The Village Smithy,5-Dec-36
S1936E32,Porky in the North Woods,19-Dec-36
S1937E01,He Was Her Man,2-Jan-37
S1937E02,Porky the Wrestler,9-Jan-37
S1937E03,Pigs is Pigs,30-Jan-37
S1937E04,Porky's Road Race,6-Feb-37
S1937E05,Picador Porky,27-Feb-37
S1937E06,I Only Have Eyes for You,6-Mar-37
S1937E07,The Fella with a Fiddle,27-Mar-37
S1937E08,Porky's Romance,3-Apr-37
S1937E09,She Was an Acrobat's Daughter,10-Apr-37
S1937E10,Porky's Duck Hunt,17-Apr-37
S1937E11,Ain't We Got Fun,1-May-37
S1937E12,Porky and Gabby,15-May-37
S1937E13,Clean Pastures,22-May-37
S1937E14,Uncle Tom's Bungalow,5-Jun-37
S1937E15,Porky's Building,19-Jun-37
S1937E16,Streamlined Greta Green,19-Jun-37
S1937E17,Sweet Sioux,26-Jun-37
S1937E18,Porky's Super Service,3-Jul-37
S1937E19,Egghead Rides Again,17-Jul-37
S1937E20,Porky's Badtime Story,24-Jul-37
S1937E21,Plenty of Money and You,31-Jul-37
S1937E22,Porky's Railroad,7-Aug-37
S1937E23,A Sunbonnet Blue,21-Aug-37
S1937E24,Get Rich Quick Porky,28-Aug-37
S1937E25,Speaking of the Weather,4-Sep-37
S1937E26,Porky's Garden,11-Sep-37
S1937E27,Dog Daze,18-Sep-37
S1937E28,I Wanna Be a Sailor,25-Sep-37
S1937E29,Rover's Rival,9-Oct-37
S1937E30,The Lyin' Mouse,16-Oct-37
S1937E31,The Case of the Stuttering Pig,30-Oct-37
S1937E32,Little Red Walking Hood,6-Nov-37
S1937E33,Porky's Double Trouble,13-Nov-37
S1937E34,The Woods Are Full of Cuckoos,4-Dec-37
S1937E35,Porky's Hero Agency,4-Dec-37
S1937E36,September in the Rain,18-Dec-37
S1938E01,Daffy Duck & Egghead,1-Jan-38
S1938E02,Porky's Poppa,15-Jan-38
S1938E03,My Little Buckeroo,29-Jan-38
S1938E04,Porky at the Crocadero,5-Feb-38
S1938E05,Jungle Jitters,19-Feb-38
S1938E06,What Price Porky,26-Feb-38
S1938E07,The Sneezing Weasel,12-Mar-38
S1938E08,Porky's Phoney Express,19-Mar-38
S1938E09,A Star is Hatched,2-Apr-38
S1938E10,Porky's Five & Ten,16-Apr-38
S1938E11,The Penguin Parade,23-Apr-38
S1938E12,Porky's Hare Hunt,30-Apr-38
S1938E13,Now That Summer is Gone,14-May-38
S1938E14,Injun Trouble,21-May-38
S1938E15,The Isle of Pingo Pongo,28-May-38
S1938E16,Porky the Fireman,4-Jun-38
S1938E17,Katnip Kollege,11-Jun-38
S1938E18,Porky's Party,25-Jun-38
S1938E19,Have You Got Any Castles?,25-Jun-38
S1938E20,Love and Curses,9-Jul-38
S1938E21,Cinderella Meets Fella,23-Jul-38
S1938E22,Porky's Spring Planting,25-Jul-38
S1938E23,Porky & Daffy,6-Aug-38
S1938E24,The Major Lied 'Til Dawn,13-Aug-38
S1938E25,Wholly Smoke,27-Aug-38
S1938E26,A-Lad-in Bagdad,27-Aug-38
S1938E27,Cracked Ice,10-Sep-38
S1938E28,A Feud There Was,24-Sep-38
S1938E29,Porky in Wackyland,24-Sep-38
S1938E30,Little Pancho Vanilla,8-Oct-38
S1938E31,Porky's Naughty Nephew,15-Oct-38
S1938E32,Johnny Smith and Poker-Huntas,22-Oct-38
S1938E33,Porky in Egypt,5-Nov-38
S1938E34,You're an Education,5-Nov-38
S1938E35,The Night Watchman,19-Nov-38
S1938E36,The Daffy Doc,26-Nov-38
S1938E37,Daffy Duck in Hollywood,12-Dec-38
S1938E38,Porky the Gob,17-Dec-38
S1938E39,Count Me Out,17-Dec-38
S1938E40,The Mice Will Play,31-Dec-38
S1939E01,The Lone Stranger and Porky,7-Jan-39
S1939E02,Dog Gone Modern,14-Jan-39
S1939E03,It's an Ill Wind,28-Jan-39
S1939E04,Hamateur Night,28-Jan-39
S1939E05,Robinhood Makes Good,11-Feb-39
S1939E06,Porky's Tire Trouble,18-Feb-39
S1939E07,Gold Rush Daze,25-Feb-39
S1939E08,A Day at the Zoo,11-Mar-39
S1939E09,Porky's Movie Mystery,11-Mar-39
S1939E10,Prest-O Change-O,25-Mar-39
S1939E11,Chicken Jitters,1-Apr-39
S1939E12,Bars and Stripes Forever,8-Apr-39
S1939E13,Daffy Duck and the Dinosaur,22-Apr-39
S1939E14,Porky and Teabiscuit,22-Apr-39
S1939E15,Thugs with Dirty Mugs,6-May-39
S1939E16,Kristopher Kolumbus Jr.,13-May-39
S1939E17,Naughty But Mice,20-May-39
S1939E18,Believe It or Else,3-Jun-39
S1939E19,Polar Pals,3-Jun-39
S1939E20,Hobo Gadget Band,17-Jun-39
S1939E21,Scalp Trouble,24-Jun-39
S1939E22,Old Glory,1-Jul-39
S1939E23,Porky's Picnic,15-Jul-39
S1939E24,Dangerous Dan McFoo,15-Jul-39
S1939E25,Snowman's Land,29-Jul-39
S1939E26,Wise Quacks,5-Aug-39
S1939E27,Hare-um Scare-um,12-Aug-39
S1939E28,Detouring America,26-Aug-39
S1939E29,Little Brother Rat,2-Sep-39
S1939E30,Porky's Hotel,2-Sep-39
S1939E31,Sioux Me,9-Sep-39
S1939E32,Land of the Midnight Fun,23-Sep-39
S1939E33,Jeepers Creepers,23-Sep-39
S1939E34,Naughty Neighbors,7-Oct-39
S1939E35,The Little Lion Hunter,7-Oct-39
S1939E36,The Good Egg,21-Oct-39
S1939E37,Pied Piper Porky,4-Nov-39
S1939E38,Fresh Fish,4-Nov-39
S1939E39,Fagin's Freshman,18-Nov-39
S1939E40,Porky the Giant Killer,18-Nov-39
S1939E41,Sniffles and the Bookworm,2-Dec-39
S1939E42,Screwball Football,16-Dec-39
S1939E43,The Film Fan,16-Dec-39
S1939E44,The Curious Puppy,30-Dec-39
S1940E01,Porky's Last Stand,6-Jan-40
S1940E02,The Early Worm Gets the Bird,13-Jan-40
S1940E03,Africa Squeaks,27-Jan-40
S1940E04,Mighty Hunters,27-Jan-40
S1940E05,Busy Bakers,10-Feb-40
S1940E06,Ali-Baba Bound,10-Feb-40
S1940E07,Elmer's Candid Camera,2-Mar-40
S1940E08,Pilgrim Porky,16-Mar-40
S1940E09,Cross Country Detours,16-Mar-40
S1940E10,Confederate Honey,30-Mar-40
S1940E11,The Bear's Tale,13-Apr-40
S1940E12,Slap Happy Pappy,13-Apr-40
S1940E13,Porky's Poor Fish,27-Apr-40
S1940E14,The Hardship of Miles Standish,27-Apr-40
S1940E15,Sniffles Takes a Trip,11-May-40
S1940E16,You Ought to Be in Pictures,18-May-40
S1940E17,A Gander at Mother Goose,25-May-40
S1940E18,Tom Thumb in Trouble,8-Jun-40
S1940E19,The Chewin' Bruin,8-Jun-40
S1940E20,Circus Today,22-Jun-40
S1940E21,Little Blabbermouse,6-Jul-40
S1940E22,Porky's Baseball Broadcast,6-Jul-40
S1940E23,The Egg Collector,20-Jul-40
S1940E24,A Wild Hare,27-Jul-40
S1940E25,Ghost Wanted,10-Aug-40
S1940E26,Patient Porky,24-Aug-40
S1940E27,Ceiling Hero,24-Aug-40
S1940E28,Malibu Beach Party,14-Sep-40
S1940E29,Calling Dr. Porky,21-Sep-40
S1940E30,Stage Fright,28-Sep-40
S1940E31,Prehistoric Porky,12-Oct-40
S1940E32,Holiday Highlights,12-Oct-40
S1940E33,Good Night Elmer,26-Oct-40
S1940E34,The Sour Puss,2-Nov-40
S1940E35,Wacky Wildlife,9-Nov-40
S1940E36,Bedtime for Sniffles,23-Nov-40
S1940E37,Porky's Hired Hand,30-Nov-40
S1940E38,Of Fox and Hounds,7-Dec-40
S1940E39,The Timid Toreador,21-Dec-40
S1940E40,Shop Look & Listen,21-Dec-40
S1941E01,Elmer's Pet Rabbit,4-Jan-41
S1941E02,Porky's Snooze Reel,11-Jan-41
S1941E03,The Fighting 69½th,18-Jan-41
S1941E04,Sniffles Bells the Cat,1-Feb-41
S1941E05,The Haunted Mouse,15-Feb-41
S1941E06,The Crackpot Quail,15-Feb-41
S1941E07,The Cat's Tale,1-Mar-41
S1941E08,"Joe Glow, the Firefly",8-Mar-41
S1941E09,Tortoise Beats Hare,15-Mar-41
S1941E10,Porky's Bear Facts,29-Mar-41
S1941E11,Goofy Groceries,29-Mar-41
S1941E12,Toy Trouble,12-Apr-41
S1941E13,Porky's Preview,19-Apr-41
S1941E14,The Trial of Mr. Wolf,26-Apr-41
S1941E15,Porky's Ant,10-May-41
S1941E16,Farm Frolics,10-May-41
S1941E17,Hollywood Steps Out,24-May-41
S1941E18,A Coy Decoy,7-Jun-41
S1941E19,Hiawatha's Rabbit Hunt,7-Jun-41
S1941E20,Porky's Prize Pony,21-Jun-41
S1941E21,The Wacky Worm,21-Jun-41
S1941E22,Meet John Doughboy,5-Jul-41
S1941E23,The Heckling Hare,5-Jul-41
S1941E24,Inki and the Lion,19-Jul-41
S1941E25,Aviation Vacation,2-Aug-41
S1941E26,"We, the Animals- Squeak!",9-Aug-41
S1941E27,Sport Chumpions,16-Aug-41
S1941E28,The Henpecked Duck,30-Aug-41
S1941E29,Snowtime for Comedy,30-Aug-41
S1941E30,All This and Rabbit Stew,13-Sep-41
S1941E31,Notes to You,20-Sep-41
S1941E32,The Brave Little Bat,27-Sep-41
S1941E33,The Bug Parade,11-Oct-41
S1941E34,Robinson Crusoe Jr.,25-Oct-41
S1941E35,Rookie Revue,25-Oct-41
S1941E36,Saddle Silly,8-Nov-41
S1941E37,Porky's Midnight Matinee,22-Nov-41
S1941E38,The Cagey Canary,22-Nov-41
S1941E39,Rhapsody in Rivets,6-Dec-41
S1941E40,Wabbit Twouble,20-Dec-41
S1941E41,Porky's Pooch,27-Dec-41
S1942E01,Hop Skip and a Chump,13-Jan-42
S1942E02,Porky's Pastry Pirates,17-Jan-42
S1942E03,The Bird Came C.O.D.,17-Jan-42
S1942E04,Aloha Hooey,31-Jan-42
S1942E05,Who's Who in the Zoo,14-Feb-42
S1942E06,Porky's Cafe,21-Feb-42
S1942E07,Conrad the Sailor,28-Feb-42
S1942E08,Crazy Cruise,14-Mar-42
S1942E09,The Wabbit Who Came to Supper,28-Mar-42
S1942E10,Saps in Chaps,11-Apr-42
S1942E11,Horton Hatches the Egg,11-Apr-42
S1942E12,Dog Tired,25-Apr-42
S1942E13,Daffy's Southern Exposure,2-May-42
S1942E14,The Wacky Wabbit,2-May-42
S1942E15,The Draft Horse,9-May-42
S1942E16,Lights Fantastic,23-May-42
S1942E17,Nutty News,23-May-42
S1942E18,"Hold the Lion, Please",6-Jun-42
S1942E19,Hobby Horse-Laffs,6-Jun-42
S1942E20,Gopher Goofy,27-Jun-42
S1942E21,Double Chaser,27-Jun-42
S1942E22,Bugs Bunny Gets the Boid,11-Jul-42
S1942E23,Wacky Blackout,11-Jul-42
S1942E24,Foney Fables,1-Aug-42
S1942E25,The Ducktators,1-Aug-42
S1942E26,The Squawkin' Hawk,8-Aug-42
S1942E27,Fresh Hare,22-Aug-42
S1942E28,Eatin' on the Cuff or The Moth Who Came to Dinner,22-Aug-42
S1942E29,Fox Pop,5-Sep-42
S1942E30,The Impatient Patient,5-Sep-42
S1942E31,The Dover Boys at Pimento University or The Rivals of Roquefort Hall,19-Sep-42
S1942E32,The Hep Cat,3-Oct-42
S1942E33,The Sheepish Wolf,17-Oct-42
S1942E34,The Daffy Duckaroo,24-Oct-42
S1942E35,The Hare-Brained Hypnotist,31-Oct-42
S1942E36,A Tale of Two Kitties,21-Nov-42
S1942E37,Ding Dog Daddy,5-Dec-42
S1942E38,My Favorite Duck,5-Dec-42
S1942E39,Case of the Missing Hare,12-Dec-42
S1943E01,Coal Black and de Sebben Dwarfs,16-Jan-43
S1943E02,Confusions of a Nutzy Spy,23-Jan-43
S1943E03,Pigs in a Polka,2-Feb-43
S1943E04,Tortoise Wins by a Hare,20-Feb-43
S1943E05,To Duck or Not to Duck,6-Mar-43
S1943E06,The Fifth-Column Mouse,6-Mar-43
S1943E07,Flop Goes the Weasel,20-Mar-43
S1943E08,Hop and Go,27-Mar-43
S1943E09,Super-Rabbit,3-Apr-43
S1943E10,The Unbearable Bear,17-Apr-43
S1943E11,The Wise Quacking Duck,1-May-43
S1943E12,Greetings Bait,15-May-43
S1943E13,Tokio Jokio,15-May-43
S1943E14,Yankee Doodle Daffy,5-Jun-43
S1943E15,Jack-Wabbit and the Beanstalk,12-Jun-43
S1943E16,The Aristo-Cat,19-Jun-43
S1943E17,Wackiki Wabbit,3-Jul-43
S1943E18,Porky Pig's Feat,17-Jul-43
S1943E19,Tin Pan Alley Cats,17-Jul-43
S1943E20,Scrap Happy Daffy,21-Aug-43
S1943E21,Hiss and Make Up,11-Sep-43
S1943E22,A Corny Concerto,18-Sep-43
S1943E23,Fin'n Catty,23-Oct-43
S1943E24,Falling Hare,30-Oct-43
S1943E25,Inki and the Minah Bird,13-Nov-43
S1943E26,Daffy - The Commando,20-Nov-43
S1943E27,An Itch in Time,4-Dec-43
S1943E28,Puss n' Booty,11-Dec-43
S1944E01,Little Red Riding Rabbit,4-Jan-44
S1944E02,What's Cookin' Doc?,8-Jan-44
S1944E03,Meatless Flyday,29-Jan-44
S1944E04,Tom Turk and Daffy,12-Feb-44
S1944E05,Bugs Bunny and the Three Bears,26-Feb-44
S1944E06,I Got Plenty of Mutton,11-Mar-44
S1944E07,The Weakly Reporter,25-Mar-44
S1944E08,Tick Tock Tuckered,8-Apr-44
S1944E09,Bugs Bunny Nips the Nips,22-Apr-44
S1944E10,Swooner Crooner,6-May-44
S1944E11,Russian Rhapsody,20-May-44
S1944E12,Duck Soup to Nuts,27-May-44
S1944E13,Angel Puss,3-Jun-44
S1944E14,Slightly Daffy,17-Jun-44
S1944E15,Hare Ribbin',24-Jun-44
S1944E16,Brother Brat,15-Jul-44
S1944E17,Hare Force,22-Jul-44
S1944E18,From Hand to Mouse,5-Aug-44
S1944E19,Birdy and the Beast,19-Aug-44
S1944E20,Buckaroo Bugs,26-Aug-44
S1944E21,Goldilocks and the Jivin' Bears,2-Sep-44
S1944E22,Plane Daffy,16-Sep-44
S1944E23,Lost and Foundling,30-Sep-44
S1944E24,Booby Hatched,14-Oct-44
S1944E25,The Old Grey Hare,28-Oct-44
S1944E26,The Stupid Cupid,25-Nov-44
S1944E27,Stage Door Cartoon,30-Dec-44
S1945E01,Odor-Able Kitty,6-Jan-45
S1945E02,Herr Meets Hare,13-Jan-45
S1945E03,Draftee Daffy,27-Jan-45
S1945E04,The Unruly Hare,10-Feb-45
S1945E05,Trap Happy Porky,24-Feb-45
S1945E06,Life with Feathers,24-Mar-45
S1945E07,Behind the Meat-Ball,7-Apr-45
S1945E08,Hare Trigger,5-May-45
S1945E09,Ain't That Ducky,19-May-45
S1945E10,A Gruesome Twosome,9-Jun-45
S1945E11,Tale of Two Mice,30-Jun-45
S1945E12,Wagon Heels,28-Jul-45
S1945E13,Hare Conditioned,11-Aug-45
S1945E14,Fresh Airedale,25-Aug-45
S1945E15,The Bashful Buzzard,15-Sep-45
S1945E16,Peck Up Your Troubles,20-Oct-45
S1945E17,Hare Tonic,10-Nov-45
S1945E18,Nasty Quacks,1-Dec-45
S1946E01,Book Revue,5-Jan-46
S1946E02,Baseball Bugs,2-Feb-46
S1946E03,Holiday for Shoestrings,23-Feb-46
S1946E04,Quentin Quail,2-Mar-46
S1946E05,Baby Bottleneck,16-Mar-46
S1946E06,Hare Remover,23-Mar-46
S1946E07,Daffy Doodles,6-Apr-46
S1946E08,Hollywood Canine Canteen,20-Apr-46
S1946E09,Hush My Mouse,4-May-46
S1946E10,Hair-Raising Hare,25-May-46
S1946E11,Kitty Kornered,8-Jun-46
S1946E12,Hollywood Daffy,22-Jun-46
S1946E13,Acrobatty Bunny,29-Jun-46
S1946E14,The Eager Beaver,13-Jul-46
S1946E15,The Great Piggy Bank Robbery,20-Jul-46
S1946E16,Bacall to Arms,3-Aug-46
S1946E17,Of Thee I Sting,17-Aug-46
S1946E18,Walky Talky Hawky,31-Aug-46
S1946E19,Racketeer Rabbit,14-Sep-46
S1946E20,Fair and Worm-er,28-Sep-46
S1946E21,The Big Snooze,5-Oct-46
S1946E22,The Mouse-Merized Cat,19-Oct-46
S1946E23,Mouse Menace,2-Nov-46
S1946E24,Rhapsody Rabbit,9-Nov-46
S1946E25,Roughly Squeaking,23-Nov-46
S1947E01,One Meat Brawl,18-Jan-47
S1947E02,The Goofy Gophers,25-Jan-47
S1947E03,The Gay Anties,15-Feb-47
S1947E04,Scent-imental Over You,8-Mar-47
S1947E05,A Hare Grows in Manhattan,22-Mar-47
S1947E06,Birth of a Notion,12-Apr-47
S1947E07,Tweetie Pie,3-May-47
S1947E08,Rabbit Transit,10-May-47
S1947E09,Hobo Bobo,17-May-47
S1947E10,Along Came Daffy,4-Jun-47
S1947E11,Inki at the Circus,21-Jun-47
S1947E12,Easter Yeggs,28-Jun-47
S1947E13,Crowing Pains,12-Jul-47
S1947E14,A Pest in the House,2-Aug-47
S1947E15,The Foxy Duckling,23-Aug-47
S1947E16,House Hunting Mice,6-Sep-47
S1947E17,Little Orphan Airedale,4-Oct-47
S1947E18,Doggone Cats,25-Oct-47
S1947E19,Slick Hare,1-Nov-47
S1947E20,Mexican Joyride,29-Nov-47
S1947E21,Catch as Cats Can,6-Dec-47
S1947E22,A Horse Fly Fleas,13-Dec-47
S1948E01,Gorilla My Dreams,3-Jan-48
S1948E02,Two Gophers from Texas,17-Jan-48
S1948E03,A Feather in His Hare,7-Feb-48
S1948E04,What Makes Daffy Duck,14-Feb-48
S1948E05,"What's Brewin', Bruin?",28-Feb-48
S1948E06,Daffy Duck Slept Here,6-Mar-48
S1948E07,A Hick a Slick and a Chick,13-Mar-48
S1948E08,Back Alley Oproar,27-Mar-48
S1948E09,I Taw a Putty Tat,2-Apr-48
S1948E10,Rabbit Punch,10-Apr-48
S1948E11,"Hop, Look and Listen",17-Apr-48
S1948E12,Nothing But the Tooth,1-May-48
S1948E13,Buccaneer Bunny,8-May-48
S1948E14,Bone Sweet Bone,22-May-48
S1948E15,Bugs Bunny Rides Again,12-Jun-48
S1948E16,The Rattled Rooster,26-Jun-48
S1948E17,The Up-Standing Sitter,3-Jul-48
S1948E18,The Shell Shocked Egg,10-Jul-48
S1948E19,Haredevil Hare,24-Jul-48
S1948E20,You Were Never Duckier,7-Aug-48
S1948E21,Dough Ray Me-ow,14-Aug-48
S1948E22,Hot Cross Bunny,21-Aug-48
S1948E23,The Pest That Came to Dinner,11-Sep-48
S1948E24,Hare Splitter,25-Sep-48
S1948E25,Odor of the Day,2-Oct-48
S1948E26,The Foghorn Leghorn,9-Oct-48
S1948E27,A-Lad-in His Lamp,23-Oct-48
S1948E28,Daffy Dilly,30-Oct-48
S1948E29,Kit for Cat,6-Nov-48
S1948E30,The Stupor Salesman,20-Nov-48
S1948E31,Riff Raffy Daffy,27-Nov-48
S1948E32,My Bunny Lies Over the Sea,4-Dec-48
S1948E33,Scaredy Cat,18-Dec-48
S1949E01,Wise Quackers,1-Jan-49
S1949E02,Hare Do,15-Jan-49
S1949E03,Holiday for Drumsticks,22-Jan-49
S1949E04,Awful Orphan,29-Jan-49
S1949E05,Porky Chops,12-Feb-49
S1949E06,Mississippi Hare,26-Feb-49
S1949E07,Paying the Piper,12-Mar-49
S1949E08,Daffy Duck Hunt,26-Mar-49
S1949E09,Rebel Rabbit,9-Apr-49
S1949E10,Mouse Wreckers,23-Apr-49
S1949E11,High Diving Hare,30-Apr-49
S1949E12,The Bee-Deviled Bruin,14-May-49
S1949E13,Curtain Razor,21-May-49
S1949E14,Bowery Bugs,4-Jun-49
S1949E15,Mouse Mazurka,11-Jun-49
S1949E16,Long-Haired Hare,25-Jun-49
S1949E17,Henhouse Henery,2-Jul-49
S1949E18,Knights Must Fall,16-Jul-49
S1949E19,Bad Ol' Putty Tat,23-Jul-49
S1949E20,The Grey Hounded Hare,6-Aug-49
S1949E21,Often an Orphan,13-Aug-49
S1949E22,The Windblown Hare,27-Aug-49
S1949E23,Dough for the Do-Do,2-Sep-49
S1949E24,Fast and Furry-ous,16-Sep-49
S1949E25,Each Dawn I Crow,23-Sep-49
S1949E26,Frigid Hare,7-Oct-49
S1949E27,Swallow the Leader,14-Oct-49
S1949E28,"Bye, Bye Bluebeard",21-Oct-49
S1949E29,For Scent-imental Reasons,12-Nov-49
S1949E30,Hippety Hopper,19-Nov-49
S1949E31,Which is Witch,3-Dec-49
S1949E32,Bear Feat,10-Dec-49
S1949E33,A Ham in a Role,13-Dec-49
S1949E34,Rabbit Hood,24-Dec-49
S1950E01,Home Tweet Home,14-Jan-50
S1950E02,Hurdy-Gurdy Hare,21-Jan-50
S1950E03,Boobs in the Woods,28-Jan-50
S1950E04,Mutiny on the Bunny,11-Feb-50
S1950E05,The Lion's Busy,18-Feb-50
S1950E06,The Scarlet Pumpernickel,4-Mar-50
S1950E07,Homeless Hare,11-Mar-50
S1950E08,Strife with Father,1-Apr-50
S1950E09,The Hypo-Chondri-Cat,15-Apr-50
S1950E10,Big House Bunny,22-Apr-50
S1950E11,The Leghorn Blows at Midnight,6-May-50
S1950E12,His Bitter Half,20-May-50
S1950E13,An Egg Scramble,27-May-50
S1950E14,8 Ball Bunny,8-Jun-50
S1950E15,What's up Doc?,17-Jun-50
S1950E16,All a Bir-r-r-d,24-Jun-50
S1950E17,It's Hummer Time,22-Jul-50
S1950E18,Golden Yeggs,5-Aug-50
S1950E19,Hillbilly Hare,12-Aug-50
S1950E20,Dog Gone South,26-Aug-50
S1950E21,The Ducksters,2-Sep-50
S1950E22,A Fractured Leghorn,16-Sep-50
S1950E23,Bunker Hill Bunny,23-Sep-50
S1950E24,Canary Row,7-Oct-50
S1950E25,Stooge for a Mouse,21-Oct-50
S1950E26,Pop 'im Pop!,28-Oct-50
S1950E27,Bushy Hare,18-Nov-50
S1950E28,Caveman Inki,25-Nov-50
S1950E29,Dog Collared,2-Dec-50
S1950E30,Rabbit of Seville,16-Dec-50
S1950E31,Two's a Crowd,30-Dec-50
S1951E01,Hare We Go,6-Jan-51
S1951E02,A Fox in a Fix,20-Jan-51
S1951E03,Canned Feud,3-Feb-51
S1951E04,Rabbit Every Monday,10-Feb-51
S1951E05,Putty Tat Trouble,24-Feb-51
S1951E06,Corn Plastered,3-Mar-51
S1951E07,Bunny Hugged,10-Mar-51
S1951E08,Scent-imental Romeo,24-Mar-51
S1951E09,A Bone for a Bone,7-Apr-51
S1951E10,The Fair-Haired Hare,14-Apr-51
S1951E11,A Hound for Trouble,28-Apr-51
S1951E12,Early to Bet,12-May-51
S1951E13,Rabbit Fire,19-May-51
S1951E14,Room and Bird,2-Jun-51
S1951E15,Chow Hound,16-Jun-51
S1951E16,French Rarebit,30-Jun-51
S1951E17,The Wearing of the Grin,4-Jul-51
S1951E18,Leghorn Swoggled,28-Jul-51
S1951E19,His Hare Raising Tale,11-Aug-51
S1951E20,Cheese Chasers,25-Aug-51
S1951E21,Lovelorn Leghorn,8-Sep-51
S1951E22,Tweety's S.O.S.,22-Sep-51
S1951E23,Ballot Box Bunny,6-Oct-51
S1951E24,A Bear for Punishment,20-Oct-51
S1951E25,Sleepy Time Possum,3-Nov-51
S1951E26,Drip-Along Daffy,17-Nov-51
S1951E27,Big Top Bunny,1-Dec-51
S1951E28,Tweet Tweet Tweety,15-Dec-51
S1951E29,The Prize Pest,22-Dec-51
S1952E01,Who's Kitten Who?,5-Jan-52
S1952E02,Operation: Rabbit,19-Jan-52
S1952E03,Feed the Kitty,2-Feb-52
S1952E04,Gift Wrapped,16-Feb-52
S1952E05,Foxy by Proxy,23-Feb-52
S1952E06,Thumb Fun,1-Mar-52
S1952E07,14 Carrot Rabbit,15-Mar-52
S1952E08,Beep Beep,24-Mar-52
S1952E09,Little Beau Pepe,29-Mar-52
S1952E10,Kiddin' the Kitten,5-Apr-52
S1952E11,"Water, Water Every Hare",19-Apr-52
S1952E12,Going! Going! Gosh!,23-Apr-52
S1952E13,Little Red Rodent Hood,3-May-52
S1952E14,Sock a Doodle Do,10-May-52
S1952E15,The Hasty Hare,7-Jun-52
S1952E16,Ain't She Tweet,21-Jun-52
S1952E17,Oily Hare,26-Jun-52
S1952E18,The Turn-Tale Wolf,28-Jun-52
S1952E19,Cracked Quack,5-Jul-52
S1952E20,Hoppy-Go-Lucky,9-Aug-52
S1952E21,A Bird in a Guilty Cage,30-Aug-52
S1952E22,Mouse-Warming,8-Sep-52
S1952E23,Rabbit Seasoning,20-Sep-52
S1952E24,The EGGcited Rooster,4-Oct-52
S1952E25,Tree for Two,18-Oct-52
S1952E26,The Super Snooper,11-Nov-52
S1952E27,Rabbit's Kin,19-Nov-52
S1952E28,Terrier-Stricken,29-Nov-52
S1952E29,Fool Coverage,13-Dec-52
S1953E01,Don't Give Up the Sheep,3-Jan-53
S1953E02,Snow Business,17-Jan-53
S1953E03,A Mouse Divided,21-Jan-53
S1953E04,Forward March Hare,14-Feb-53
S1953E05,Kiss Me Cat,21-Feb-53
S1953E06,Duck Amuck,28-Feb-53
S1953E07,Upswept Hare,14-Mar-53
S1953E08,A Peck O' Trouble,28-Mar-53
S1953E09,Fowl Weather,4-Apr-53
S1953E10,Muscle Tussle,18-Apr-53
S1953E11,Southern Fried Rabbit,2-May-53
S1953E12,Ant Pasted,9-May-53
S1953E13,Much Ado About Nutting,23-May-53
S1953E14,There Auto Be a Law,6-Jun-53
S1953E15,Hare Trimmed,20-Jun-53
S1953E16,Tom Tom Tomcat,27-Jun-53
S1953E17,Wild Over You,11-Jul-53
S1953E18,Duck Dodgers in the 24½th Century,25-Jul-53
S1953E19,Bully for Bugs,8-Aug-53
S1953E20,Plop Goes the Weasel,22-Aug-53
S1953E21,Cat-Tails for Two,29-Aug-53
S1953E22,A Street Cat Named Sylvester,5-Sep-53
S1953E23,Zipping Along,14-Sep-53
S1953E24,Lumber Jack-Rabbit,25-Sep-53
S1953E25,"Duck! Rabbit, Duck!",3-Oct-53
S1953E26,Easy Peckin's,17-Oct-53
S1953E27,Catty Cornered,31-Oct-53
S1953E28,Of Rice and Hen,14-Nov-53
S1953E29,Cats A-Weigh,28-Nov-53
S1953E30,Robot Rabbit,12-Dec-53
S1953E31,Punch Trunk,19-Dec-53
S1954E01,Dog Pounded,2-Jan-54
S1954E02,Captain Hareblower,16-Jan-54
S1954E03,I Gopher You,30-Jan-54
S1954E04,Feline Frame-Up,13-Feb-54
S1954E05,Wild Wife,20-Feb-54
S1954E06,No Barking,27-Feb-54
S1954E07,Bugs and Thugs,13-Mar-54
S1954E08,The Cats Bah,20-Mar-54
S1954E09,Design for Leaving,27-Mar-54
S1954E10,Bell Hoppy,17-Apr-54
S1954E11,No Parking Hare,1-May-54
S1954E12,Dr. Jerkyl's Hide,8-May-54
S1954E13,Claws for Alarm,22-May-54
S1954E14,Little Boy Boo,5-Jun-54
S1954E15,Devil May Hare,19-Jun-54
S1954E16,Muzzle Tough,26-Jun-54
S1954E17,The Oily American,10-Jul-54
S1954E18,Bewitched Bunny,24-Jul-54
S1954E19,Satan's Waitin',7-Aug-54
S1954E20,Stop! Look! And Hasten!,14-Aug-54
S1954E21,Yankee Doodle Bugs,28-Aug-54
S1954E22,Gone Batty,4-Sep-54
S1954E23,Goo Goo Goliath,18-Sep-54
S1954E24,By Word of Mouse,2-Oct-54
S1954E25,From A to Z-Z-Z-Z,16-Oct-54
S1954E26,Quack Shot,30-Oct-54
S1954E27,My Little Duckaroo,27-Nov-54
S1954E28,Sheep Ahoy,11-Dec-54
S1954E29,Baby Buggy Bunny,18-Dec-54
S1955E01,Pizzicato Pussycat,1-Jan-55
S1955E02,Feather Dusted,15-Jan-55
S1955E03,Pests for Guests,29-Jan-55
S1955E04,Beanstalk Bunny,12-Feb-55
S1955E05,All Fowled Up,19-Feb-55
S1955E06,Stork Naked,26-Feb-55
S1955E07,Lighthouse Mouse,12-Mar-55
S1955E08,Sahara Hare,26-Mar-55
S1955E09,Sandy Claws,2-Apr-55
S1955E10,The Hole Idea,6-Apr-55
S1955E11,Ready...Set...Zoom!,30-Apr-55
S1955E12,Hare Brush,7-May-55
S1955E13,Past Perfumance,21-May-55
S1955E14,Tweety's Circus,4-Jun-55
S1955E15,Rabbit Rampage,11-Jun-55
S1955E16,Lumber Jerks,25-Jun-55
S1955E17,This is a Life?,9-Jul-55
S1955E18,Double or Mutton,23-Jul-55
S1955E19,Jumpin' Jupiter,6-Aug-55
S1955E20,A Kiddies Kitty,20-Aug-55
S1955E21,Hyde and Hare,27-Aug-55
S1955E22,Dime to Retire,3-Sep-55
S1955E23,Speedy Gonzales,17-Sep-55
S1955E24,Knight-Mare Hare,1-Oct-55
S1955E25,Two Scent's Worth,15-Oct-55
S1955E26,Red Riding Hoodwinked,29-Oct-55
S1955E27,Roman Legion-Hare,12-Nov-55
S1955E28,Heir-Conditioned,26-Nov-55
S1955E29,Guided Muscle,10-Dec-55
S1955E30,Pappy's Puppy,17-Dec-55
S1955E31,One Froggy Evening,31-Dec-55
S1956E01,Bugs' Bonnets,14-Jan-56
S1956E02,Too Hop to Handle,28-Jan-56
S1956E03,Weasel Stop,11-Feb-56
S1956E04,The High and the Flighty,18-Feb-56
S1956E05,Broom-Stick Bunny,25-Feb-56
S1956E06,Rocket Squad,10-Mar-56
S1956E07,Tweet and Sour,24-Mar-56
S1956E08,Heaven Scent,31-Mar-56
S1956E09,Mixed Master,14-Apr-56
S1956E10,Rabbitson Crusoe,28-Apr-56
S1956E11,Gee Whiz-z-z-z-z-z-z,5-May-56
S1956E12,Tree Cornered Tweety,19-May-56
S1956E13,The Unexpected Pest,2-Jun-56
S1956E14,Napoleon Bunny-Part,16-Jun-56
S1956E15,Tugboat Granny,23-Jun-56
S1956E16,Stupor Duck,17-Jul-56
S1956E17,Barbary-Coast Bunny,21-Jul-56
S1956E18,Rocket-bye Baby,4-Aug-56
S1956E19,Half-Fare Hare,18-Aug-56
S1956E20,Raw! Raw! Rooster!,25-Aug-56
S1956E21,The Slap-hoppy Mouse,1-Sep-56
S1956E22,A Star is Bored,15-Sep-56
S1956E23,"Deduce, You Say",29-Sep-56
S1956E24,Yankee Dood It,13-Oct-56
S1956E25,Wideo Wabbit,27-Oct-56
S1956E26,There They Go-Go-Go!,10-Nov-56
S1956E27,Two Crows from Tacos,24-Nov-56
S1956E28,The Honey-Mousers,8-Dec-56
S1956E29,To Hare is Human,15-Dec-56
S1957E01,Three Little Bops,5-Jan-57
S1957E02,Tweet Zoo,12-Jan-57
S1957E03,Scrambled Aches,26-Jan-57
S1957E04,Ali Baba Bunny,9-Feb-57
S1957E05,Go Fly a Kit,23-Feb-57
S1957E06,Bedevilled Rabbit,13-Apr-57
S1957E07,Boyhood Daze,20-Apr-57
S1957E08,"Cheese It, the Cat!",4-May-57
S1957E09,Fox Terror,11-May-57
S1957E10,Tweety and the Beanstalk,16-May-57
S1957E11,Piker's Peak,25-May-57
S1957E12,Steal Wool,8-Jun-57
S1957E13,Boston Quackie,22-Jun-57
S1957E14,"What's Opera, Doc?",6-Jul-57
S1957E15,Tabasco Road,20-Jul-57
S1957E16,Birds Anonymous,10-Aug-57
S1957E17,Ducking the Devil,17-Aug-57
S1957E18,Bugsy and Mugsy,31-Aug-57
S1957E19,Zoom and Bored,4-Sep-57
S1957E20,Greedy for Tweety,28-Sep-57
S1957E21,Touche and Go,12-Oct-57
S1957E22,Show Biz Bugs,2-Nov-57
S1957E23,Mouse-taken Identity,10-Nov-57
S1957E24,Gonzales' Tamales,30-Nov-57
S1957E25,Rabbit Romeo,14-Dec-57
S1958E01,Don't Axe Me,4-Jan-58
S1958E02,Tortilla Flaps,18-Jan-58
S1958E03,Hare-Less Wolf,1-Feb-58
S1958E04,A Pizza Tweety Pie,22-Feb-58
S1958E05,Robin Hood Daffy,8-Mar-58
S1958E06,Hare-way to the Stars,29-Mar-58
S1958E07,"Whoa, Be-Gone!",12-Apr-58
S1958E08,A Waggily Tale,26-Apr-58
S1958E09,Feather Bluster,10-May-58
S1958E10,"Now, Hare This",31-May-58
S1958E11,To Itch His Own,28-Jun-58
S1958E12,Dog Tales,26-Jul-58
S1958E13,Knighty Knight Bugs,23-Aug-58
S1958E14,Weasel While You Work,6-Sep-58
S1958E15,A Bird in a Bonnet,27-Sep-58
S1958E16,"Hook, Line, and Stinker",11-Oct-58
S1958E17,Pre-Hysterical Hare,1-Nov-58
S1958E18,Gopher Broke,15-Nov-58
S1958E19,Hip Hip- Hurry!,6-Dec-58
S1958E20,Cat Feud,20-Dec-58
S1959E01,Baton Bunny,10-Jan-59
S1959E02,Mouse-Placed Kitten,24-Jan-59
S1959E03,China Jones,14-Feb-59
S1959E04,Hare-abian Nights,28-Feb-59
S1959E05,Trick or Tweet,21-Mar-59
S1959E06,The Mouse That Jack Built,4-Apr-59
S1959E07,Apes of Wrath,18-Apr-59
S1959E08,Hot-Rod and Reel!,9-May-59
S1959E09,A Mutt in a Rut,23-May-59
S1959E10,Backwoods Bunny,13-Jun-59
S1959E11,Really Scent,27-Jun-59
S1959E12,Mexicali Shmoes,4-Jul-59
S1959E13,Tweet and Lovely,18-Jul-59
S1959E14,Wild and Woolly Hare,1-Aug-59
S1959E15,Cat's Paw,15-Aug-59
S1959E16,"Here Today, Gone Tamale",29-Aug-59
S1959E17,Bonanza Bunny,5-Sep-59
S1959E18,A Broken Leghorn,26-Sep-59
S1959E19,Wild About Hurry,10-Oct-59
S1959E20,A Witch's Tangled Hare,31-Oct-59
S1959E21,Unnatural History,14-Nov-59
S1959E22,Tweet Dreams,5-Dec-59
S1959E23,People Are Bunny,19-Dec-59
S1960E01,Fastest with the Mostest,19-Jan-60
S1960E02,West of the Pesos,23-Jan-60
S1960E03,Horse Hare,3-Feb-60
S1960E04,Wild Wild World,27-Feb-60
S1960E05,Goldimouse and the Three Cats,15-Mar-60
S1960E06,Person to Bunny,2-Apr-60
S1960E07,Who Scent You?,23-Apr-60
S1960E08,Hyde and Go Tweet,14-May-60
S1960E09,Rabbit's Feat,4-Jun-60
S1960E10,Crockett-Doodle-Do,25-Jun-60
S1960E11,Mouse and Garden,16-Jul-60
S1960E12,"Ready, Woolen and Able",30-Jul-60
S1960E13,Mice Follies,20-Aug-60
S1960E14,From Hare to Heir,3-Sep-60
S1960E15,The Dixie Fryer,24-Sep-60
S1960E16,Hopalong Casualty,8-Oct-60
S1960E17,Trip for Tat,29-Oct-60
S1960E18,Dog Gone People,12-Nov-60
S1960E19,High Note,3-Dec-60
S1960E20,Lighter Than Hare,17-Dec-60
S1961E01,Cannery Woe,7-Jan-61
S1961E02,Zip 'n Snort,21-Jan-61
S1961E03,Hoppy Daze,11-Feb-61
S1961E04,The Mouse on 57th Street,25-Feb-61
S1961E05,Strangled Eggs,18-Mar-61
S1961E06,Birds of a Father,1-Apr-61
S1961E07,D'fightin' Ones,22-Apr-61
S1961E08,The Abominable Snow Rabbit,20-May-61
S1961E09,Lickety-Splat,20-Jun-61
S1961E10,A Scent of the Matterhorn,24-Jun-61
S1961E11,Rebel Without Claws,15-Jul-61
S1961E12,Compressed Hare,29-Jul-61
S1961E13,The Pied Piper of Guadalupe,19-Aug-61
S1961E14,Prince Violent,2-Sep-61
S1961E15,Daffy's Inn Trouble,23-Sep-61
S1961E16,What's My Lion?,21-Oct-61
S1961E17,Beep Prepared,11-Nov-61
S1961E18,The Last Hungry Cat,2-Dec-61
S1961E19,Nelly's Folly,30-Dec-61
S1962E01,Wet Hare,20-Jan-62
S1962E02,A Sheep in the Deep,10-Feb-62
S1962E03,Fish and Slips,10-Mar-62
S1962E04,Quackodile Tears,31-Mar-62
S1962E05,Crows' Feat,21-Apr-62
S1962E06,Mexican Boarders,12-May-62
S1962E07,Bill of Hare,9-Jun-62
S1962E08,Zoom at the Top,30-Jun-62
S1962E09,The Slick Chick,21-Jul-62
S1962E10,Louvre Come Back to Me,18-Aug-62
S1962E11,Honey's Money,1-Sep-62
S1962E12,The Jet Cage,22-Sep-62
S1962E13,Mother was a Rooster,20-Oct-62
S1962E14,Good Noose,10-Nov-62
S1962E15,Shishkabugs,8-Dec-62
S1962E16,Martian Through Georgia,29-Dec-62
S1963E01,I Was a Teenage Thumb,19-Jan-63
S1963E02,Devil's Feud Cake,9-Feb-63
S1963E03,Fast Buck Duck,9-Mar-63
S1963E04,The Million Hare,6-Apr-63
S1963E05,Mexican Cat Dance,20-Apr-63
S1963E06,Now Hear This,27-Apr-63
S1963E07,Woolen Under Where,11-May-63
S1963E08,Hare-breadth Hurry,8-Jun-63
S1963E09,Banty Raids,29-Jun-63
S1963E10,Chili Weather,17-Aug-63
S1963E11,The Unmentionables,7-Sep-63
S1963E12,Aqua Duck,28-Sep-63
S1963E13,Mad as a Mars Hare,19-Oct-63
S1963E14,Claws in the Lease,9-Nov-63
S1963E15,Transylvania 6-5000,30-Nov-63
S1963E16,To Beep or Not to Beep,28-Dec-63
S1964E01,Dumb Patrol,18-Jan-64
S1964E02,A Message to Gracias,8-Feb-64
S1964E03,Bartholomew Versus the Wheel,29-Feb-64
S1964E04,Freudy Cat,14-Mar-64
S1964E05,Dr. Devil and Mr. Hare,28-Mar-64
S1964E06,Nuts and Volts,25-Apr-64
S1964E07,The Iceman Ducketh,16-May-64
S1964E08,War and Pieces,6-Jun-64
S1964E09,Hawaiian Aye Aye,27-Jun-64
S1964E10,False Hare,18-Jul-64
S1964E11,Señorella and the Glass Huarache,1-Aug-64
S1964E12,Pancho's Hideaway,24-Oct-64
S1964E13,Road to Andalay,26-Dec-64
S1965E01,Zip Zip Hooray!,1-Jan-65
S1965E02,Roadrunner a Go-Go,2-Jan-65
S1965E03,It's Nice to Have a Mouse Around the House,16-Jan-65
S1965E04,Cats and Bruises,30-Jan-65
S1965E05,The Wild Chase,27-Feb-65
S1965E06,Moby Duck,27-Mar-65
S1965E07,Assault and Peppered,24-Apr-65
S1965E08,Well Worn Daffy,22-May-65
S1965E09,Suppressed Duck,26-Jun-65
S1965E10,Corn on the Cop,24-Jul-65
S1965E11,Rushing Roulette,31-Jul-65
S1965E12,"Run, Run Sweet Road Runner",21-Aug-65
S1965E13,Tease for Two,28-Aug-65
S1965E14,Tired and Feathered,18-Sep-65
S1965E15,Boulder Wham!,9-Oct-65
S1965E16,Chili Corn Corny,23-Oct-65
S1965E17,Just Plane Beep,30-Oct-65
S1965E18,Hairied and Hurried,13-Nov-65
S1965E19,Go Go Amigo,20-Nov-65
S1965E20,Highway Runnery,11-Dec-65
S1965E21,Chaser on the Rocks,25-Dec-65
S1966E01,The Astroduck,1-Jan-66
S1966E02,Shot and Bothered,8-Jan-66
S1966E03,Out and Out Rout,29-Jan-66
S1966E04,Mucho Locos,5-Feb-66
S1966E05,The Solid Tin Coyote,19-Feb-66
S1966E06,Mexican Mousepiece,26-Feb-66
S1966E07,Clippety Clobbered,12-Mar-66
S1966E08,Daffy Rents,26-Mar-66
S1966E09,A-Haunting We Will Go,16-Apr-66
S1966E10,Snow Excuse,21-May-66
S1966E11,A Squeak in the Deep,19-Jul-66
S1966E12,Feather Finger,20-Aug-66
S1966E13,Swing Ding Amigo,17-Sep-66
S1966E14,Sugar and Spies,5-Nov-66
S1966E15,A Taste of Catnip,3-Dec-66
S1967E01,Daffy's Diner,21-Jan-67
S1967E02,Quacker Tracker,29-Apr-67
S1967E03,The Music Mice-Tro,27-May-67
S1967E04,The Spy Swatter,24-Jun-67
S1967E05,Speedy Ghost to Town,29-Jul-67
S1967E06,Rodent to Stardom,23-Sep-67
S1967E07,Go Away Stowaway,30-Sep-67
S1967E08,Cool Cat,14-Oct-67
S1967E09,Merlin the Magic Mouse,18-Nov-67
S1967E10,Fiesta Fiasco,9-Dec-67
S1968E01,Hocus Pocus Powwow,13-Jan-68
S1968E02,Norman Normal,3-Feb-68
S1968E03,Big Game Haunt,10-Feb-68
S1968E04,Skyscraper Caper,9-Mar-68
S1968E05,Hippydrome Tiger,30-Mar-68
S1968E06,Feud with a Dude,25-May-68
S1968E07,See Ya Later Gladiator,29-Jun-68
S1968E08,3 Ring Wing-Ding,24-Aug-68
S1968E09,Flying Circus,12-Oct-68
S1968E10,Bunny and Claude (We Rob Carrot Patches),9-Nov-68
S1968E11,Chimp & Zee,30-Nov-68
S1969E01,The Great Carrot-Train Robbery,25-Jan-69
S1969E02,Fistic Mystic,29-Mar-69
S1969E03,Rabbit Stew and Rabbits Too!,7-Jun-69
S1969E04,Shamrock and Roll,28-Jun-69
S1969E05,Bugged by a Bee,26-Jul-69
S1969E06,Injun Trouble,20-Sep-69
S1977E01,Bugs Bunny's Easter Funnies,4/7/1977
S1977E02,Bugs Bunny in Space,9/1/1977
S1978E01,Bugs Bunny in King Arthur's Court,2/1/1978
S1978E02,Bugs Bunny's Howl-Oween Special,10/26/1978
S1978E03,How Bugs Bunny Won the West,11/15/1978
S1979E01,Bugs Bunny's Valentine,2/14/1979
S1979E02,The Bugs Bunny Mother's Day Special,5/12/1979
S1979E03,The Bugs Bunny/Road Runner Movie,9/28/1979
S1979E04,Bugs Bunny's Thanksgiving Diet,11/15/1979
S1979E05,Freeze Frame,11/27/1979
S1979E06,Bugs Bunny's Looney Christmas Tales,11/27/1979
S1979E07,Fright Before Christmas,11/27/1979
S1979E08,Bugs Bunny's Christmas Carol,11/27/1979
S1980E01,Daffy Duck’s Easter Egg-Citement,4/1/1980
S1980E02,The Chocolate Chase,4/1/1980
S1980E03,The Yolk's on You,4/1/1980
S1980E04,Daffy Flies North,4/1/1980
S1980E05,Portrait of the Artist as a Young Bunny,5/21/1980
S1980E06,Spaced -Out- Bunny,5/21/1980
S1980E07,Soup or Sonic,5/21/1980
S1980E08,Bugs Bunny's Bustin' Out All Over,5/21/1980
S1980E09,The Bugs Bunny Mystery Special,10/15/1980
S1980E10,Daffy Duck's Thanks-for-Giving Special,11/20/1980
S1980E11,Duck Dodgers and the Return of the 24 ½th Century,12/1/1980
S1981E01,Bugs Bunny: All American Hero,5/4/1981
S1981E02,"The Looney, Looney, Looney Bugs Bunny Movie",11/20/1981
S1982E01,Bugs Bunny's Mad World of Television,1/11/1982
S1982E02,1001 Rabbit Tales,11/19/1982
S1983E01,Daffy Duck's Fantastic Island,8/5/1983
S1986E01,Bugs Bunny's Looney Tunes All-Star 50th Anniversary (1),1/14/1986
S1986E02,Bugs Bunny's Looney Tunes All-Star 50th Anniversary (2),1/14/1986
S1987E01,The Duxorcist,11/20/1987
S1988E01,The Night of the Living Duck,9/23/1988
S1988E02,Daffy Duck's Quackbusters,9/24/1988
S1988E03,Bugs vs. Daffy: Battle of the Music Video Stars,10/21/1988
S1989E01,Bugs Bunny's Wild World of Sports,2/15/1989
S1990E01,"Happy Birthday, Bugs! 50 Looney Years",5/9/1990
S1991E01,Box Office Bunny,2/11/1991
S1991E02,Bugs Bunny's Overtures to Disaster,4/17/1991
S1991E03,Bugs Bunny's Lunar Tunes,6/1/1991
S1991E04,Looney Tunes Hall of Fame,7/6/1991
S1991E05,(Blooper) Bunny!,7/7/1991
S1992E01,Bugs Bunny's Creature Features,2/1/1992
S1992E02,Invasion of the Bunny Snatchers,8/25/1992
S1994E01,Chariots of Fur,12/21/1994
S1995E01,Carrotblanca,8/25/1995
S1995E02,Another Froggy Evening,10/6/1995
S1996E01,Marvin the Martian in the Third Dimension,6/1/1996
S1996E02,Superior Duck,8/23/1996
S1997E01,From Hare to Eternity,1/1/1997
S1997E02,Pullet Surprise,3/26/1997
S1997E03,Blooper Bunny,6/13/1997
S1997E04,Father of the Bird,11/14/1997
S2000E01,Bugs Bunny's Halloween Hijinks,1/1/2000
S2000E02,Tweety's High-Flying Adventure,9/12/2000
S2000E03,Little Go Beep,11/6/2000
S2003E01,Whizzard of Ow,11/1/2003
S2003E02,Museum Scream,11/14/2003
S2004E01,Daffy Duck for President,11/2/2004
S2005E01,Attack of the Drones,2/8/2005
S2005E02,Hare and Loathing in Las Vegas,2/8/2005
S2005E03,Cock-a-Doodle Duel,2/8/2005
S2005E04,My Generation G...G...Gap,2/8/2005
S2006E01,The William Tell Overture,11/14/2006
S2006E02,Bah Humduck! A Looney Tunes Christmas,11/14/2006
S2010E01,Coyote Falls,7/30/2010
S2010E02,Fur of Flying,9/24/2010
S2010E03,Rabid Rider,12/12/2010
S2011E01,I Tawt I Taw a Puddy Tat,11/18/2011
S2012E01,Daffy's Rhapsody,2/10/2012
S2012E02,Yule Be Sorry,12/28/2012
S2014E01,Flash in the Pain,6/10/2014
